id,year,type,place,church_or_group,lat,lon,source_level,source_url,local_source,description,next_search
closure-house-gospel-1930,1930,prayer_house_closed,"Ленинград, Дом Евангелия",Дом Евангелия,59.9369,30.2628,B,"https://mr-7.ru/articles/2025/02/13/vo-slavu-bozhiu-my-vosstanavlivaem-dom-evangeliia","","5 февраля 1930 Дом Евангелия закрыт, служители арестованы и сосланы; здание передано заводу Электроаппарат.","акт закрытия; архив Ленинграда; имена арестованных"
closure-union-baptists-house-1930,1930,union_house_confiscated,"Москва / дом Союза баптистов",Союз баптистов,,,C,"","","В research-досье зафиксирована необходимость найти первичные акты конфискации дома Союза баптистов; точные адрес/документы требуют проверки.","акт конфискации; адрес; архивные дела Одинцова/Дацко/Тимошенко"
raid-ligukalns-1974,1974,printing_house_raided,"Лигукалнс / окрестности Цесиса",Издательство Христианин,57.31,25.27,C,"http://baptistru.info/index.php/%D5%F0%E8%F1%F2%E8%E0%ED%E8%ED,_%E8%E7%E4%E0%F2%E5%EB%FC%F1%F2%E2%EE","","Выявлена подпольная типография; арестованы 7 работников; конфискованы станок, около 9 тонн бумаги и 15000 Новых Заветов.","имена семи работников; следствие; суд; фото обращения Христианина"
raid-ivangorod-1977,1977,printing_house_raided,"Ивангород / Ленинградская область",Издательство Христианин,59.3765,28.2230,A/C,"https://propovednik.com/media/mp3/Литература/Бюллетени совета родственников и узников 1970-1987/1971-1977 Синька/044-1977.pdf","bulletin-council-relatives-044-1977.pdf","Бюллетень №44 просит ходатайствовать за сотрудников издательства Христианин: Левен И. И., Кооп Д. И., Людмилу и Ларису Зайцевых, находящихся под следствием в Ленинграде.","приговор; место типографии; сроки"
case-ivan-moiseev-1972,1972,pastor_arrested,"Керчь / Волонтировка",СЦ ЕХБ,45.3562,36.4674,A/C,"https://propovednik.com/media/mp3/Литература/Бюллетени совета родственников и узников 1970-1987/1971-1977 Синька/009-1972.pdf","bulletin-council-relatives-009-1972.pdf","Иван Моисеев: военная служба, давление за свидетельство, смерть; бюллетень публикует сообщение родителей и материалы.","военная прокуратура; свидетельство о смерти; акт экспертизы"
case-khmara-1964,1964,pastor_arrested,"Барнаул / Кулунда",СЦ ЕХБ,53.3474,83.7788,C,"https://reshenie.vcc.ru/magazine/issues/a472014/view/article/1023651","reshenie-life-given-for-christ-popov-2014.txt","Николай Хмара умер в Барнаульской тюрьме после осуждения; семье угрожало лишение родительских прав.","бюллетень времени события; тюремные документы; судебное решение"
case-children-rytikov-1980,1980,children_removed,"Краснодон / Ворошиловградская область",СЦ ЕХБ,48.292,39.737,A/C,"https://propovednik.com/media/mp3/Литература/Бюллетени совета родственников и узников 1970-1987/1977-1980 Ротатор/084-1980.pdf","bulletin-council-relatives-084-1980.pdf","Бюллетень №84 сообщает о кампании отобрания шести несовершеннолетних детей у семьи Рытиковых.","судебное решение; местные органы; имена детей не публиковать без необходимости"
case-psychiatry-olympics-1980,1980,psychiatric_repression,"Москва / Киев",СЦ ЕХБ,55.7558,37.6173,A/C,"https://propovednik.com/media/mp3/Литература/Бюллетени совета родственников и узников 1970-1987/1977-1980 Ротатор/084-1980.pdf","bulletin-council-relatives-084-1980.pdf","Чучелова М. С. помещена в больницу им. Яковенко; Терпуговы Наталья и Людмила помещены в психбольницу в Киеве на время Олимпиады.","медицинские/административные документы; сверка с бюллетенем №88"
case-donchenko-1980,1980,printing_house_raided,"Харьков",СЦ ЕХБ,49.9935,36.2304,A/C,"https://propovednik.com/media/mp3/Литература/Бюллетени совета родственников и узников 1970-1987/1977-1980 Ротатор/084-1980.pdf","bulletin-council-relatives-084-1980.pdf","Александр Донченко задержан на вокзале с бюллетенями Совета родственников и Евангелиями; проведены обыски у семьи.","уголовное дело; статья обвинения; срок"
